0.1062214155725106,0.09999999999999999
0.1069087303350214,0.09999999999999999
0.1068057038232284,0.09999999999999999
0.1063283771296943,0.09999999999999999
0.0983815189316881,0.09999999999999999
0.1069438315164206,0.09999999999999999
0.1069212789766726,0.09999999999999999
0.1069320886835219,0.09999999999999999
0.1066162070571073,0.09999999999999999
0.106819150173786,0.09999999999999999
0.1881422600520807,0.19999999999999998
0.2103472814119521,0.19999999999999998
0.2092397822992823,0.19999999999999998
0.1892239337117137,0.19999999999999998
0.2072808896402785,0.19999999999999998
0.18882975779494,0.19999999999999998
0.2105809119165978,0.19999999999999998
0.2112274663157186,0.19999999999999998
0.2097367718790643,0.19999999999999998
0.2108406124618392,0.19999999999999998
0.2723532617325166,0.3
0.270365829135491,0.3
0.362613681682777,0.3
0.2791964418880275,0.3
0.3563745269437287,0.3
0.3185455058728444,0.3
0.2647922938742761,0.3
0.3169431727308953,0.3
0.2684983632299456,0.3
0.3649650270637451,0.3
0.4150608943082604,0.39999999999999997
0.4940171640786128,0.39999999999999997
0.430981672714758,0.39999999999999997
0.4163339841375338,0.39999999999999997
0.5360878505981624,0.39999999999999997
0.4890190996978565,0.39999999999999997
0.5336993974318831,0.39999999999999997
0.4256652400041901,0.39999999999999997
0.4259399081712779,0.39999999999999997
0.5343075531956891,0.39999999999999997
0.6172378584099661,0.5
0.6989436964487755,0.5
0.6836516540161603,0.5
0.693278124846915,0.5
0.6198168985193466,0.5
0.6139270539152337,0.5
0.6183916719700264,0.5
0.6305683387267094,0.5
0.690609871679216,0.5
0.6283294860461417,0.5
0.7871555124860526,0.6
0.7968099227282505,0.6
0.7962009344618347,0.6
0.8503300421278651,0.6
0.780679354656662,0.6
0.8496116224540913,0.6
0.7879517874820131,0.6
0.7865708006956803,0.6
0.775005173569802,0.6
0.7574303750576239,0.6
0.9139313860196676,0.7000000000000001
0.9558480700514598,0.7000000000000001
0.9050793827811588,0.7000000000000001
0.8999115895488946,0.7000000000000001
0.8871488018510273,0.7000000000000001
0.9168266352354344,0.7000000000000001
0.9505362355836674,0.7000000000000001
0.9119908356633436,0.7000000000000001
0.9509178851002986,0.7000000000000001
0.9123999954408212,0.7000000000000001
0.9676886179913722,0.7999999999999999
0.96274643396322,0.7999999999999999
0.9476499915919004,0.7999999999999999
0.9732684731795735,0.7999999999999999
0.9690518203310944,0.7999999999999999
0.97224804087913,0.7999999999999999
0.9661162326052914,0.7999999999999999
0.9672130560517248,0.7999999999999999
0.9747330433671731,0.7999999999999999
0.952436781216503,0.7999999999999999
0.991911057982916,0.9
0.9692946752931052,0.9
0.990804355927126,0.9
0.9896339729780392,0.9
0.9997806319195032,0.9
0.9938079833458356,0.9
0.9830916091841376,0.9
0.986477847940209,0.9
0.992940435180375,0.9
0.990947283369526,0.9
0.9999988466033602,1.0
0.999998548107646,1.0
0.999191913471212,1.0
0.9977251678560148,1.0
0.9999975074370532,1.0
0.9964421003749764,1.0
0.99954761983041,1.0
0.9946668218946976,1.0
0.9963785282121328,1.0
0.9998889400966996,1.0
0.9995677901762564,1.0999999999999999
0.9999976331303668,1.0999999999999999
0.9996035721673032,1.0999999999999999
0.9989062144404076,1.0999999999999999
0.9996287545564448,1.0999999999999999
0.9999215010578612,1.0999999999999999
0.9986187995920874,1.0999999999999999
0.9997654475677584,1.0999999999999999
0.9999691520634044,1.0999999999999999
0.9999865783433572,1.0999999999999999
0.9999777927811884,1.2
0.9999669342174206,1.2
0.9999963742170616,1.2
0.9999944871565692,1.2
0.9999842672682157,1.2
0.9999696900481816,1.2
0.9999845436622866,1.2
0.9999910095457144,1.2
0.9999993004620724,1.2
0.9999291377562816,1.2
0.9999999959475117,1.3
0.9999957518554184,1.3
0.99999999888111,1.3
0.999999999937352,1.3
0.999999866147946,1.3
0.9999979076233096,1.3
0.9999998467412872,1.3
0.9999998890496966,1.3
0.9999976235669,1.3
0.9999997100111828,1.3
0.999999918704658,1.4000000000000001
0.9999999891027972,1.4000000000000001
0.999999784147677,1.4000000000000001
0.9999999376443776,1.4000000000000001
0.9999999565998788,1.4000000000000001
0.9999999987399112,1.4000000000000001
0.9999999843645424,1.4000000000000001
0.9999999999970626,1.4000000000000001
0.9999999982197536,1.4000000000000001
0.9999999509103896,1.4000000000000001
0.9999999999026414,1.5
0.9999999999879584,1.5
0.9999999998300436,1.5
0.999999999997276,1.5
0.9999999998347806,1.5
0.999999998200206,1.5
0.9999999998629407,1.5
0.9999999999973904,1.5
0.9999999992579424,1.5
0.999999999940711,1.5
0.9999999999962296,1.5999999999999999
0.999999999998433,1.5999999999999999
0.999999999996418,1.5999999999999999
0.9999999999967571,1.5999999999999999
0.9999999999964644,1.5999999999999999
0.9999999999732564,1.5999999999999999
0.9999999999965938,1.5999999999999999
0.9999999999964222,1.5999999999999999
0.9999999999718064,1.5999999999999999
0.9999999999973296,1.5999999999999999
0.9999999999970683,1.7
0.9999999999983352,1.7
0.999999999997671,1.7
0.9999999999972268,1.7
0.9999999999977254,1.7
0.9999999999976918,1.7
0.999999999997866,1.7
0.9999999999983562,1.7
0.9999999999979524,1.7
0.9999999999969952,1.7
0.9999999999972062,1.8
0.999999999997922,1.8
0.9999999999971922,1.8
0.999999999997592,1.8
0.9999999999976572,1.8
0.999999999997744,1.8
0.9999999999971878,1.8
0.9999999999981246,1.8
0.9999999999971054,1.8
0.9999999999977368,1.8
0.9999999999982696,1.9000000000000001
0.9999999999985838,1.9000000000000001
0.999999999998461,1.9000000000000001
0.9999999999979244,1.9000000000000001
0.9999999999985788,1.9000000000000001
0.9999999999980508,1.9000000000000001
0.999999999997893,1.9000000000000001
0.9999999999983518,1.9000000000000001
0.9999999999981196,1.9000000000000001
0.9999999999978992,1.9000000000000001
0.9999999999986424,2.0
0.99999999999841,2.0
0.9999999999980208,2.0
0.9999999999981016,2.0
0.9999999999980628,2.0
0.999999999998362,2.0
0.9999999999981112,2.0
0.9999999999978352,2.0
0.9999999999982,2.0
0.999999999997428,2.0
