0.9293476343154908,0.4
0.7173864245414734,0.1
0.7883644700050354,0.2
0.865531861782074,0.3
0.9999987580763444,0.7
0.9974456997588276,0.6
0.9744146931916476,0.5
0.9999998281204654,0.8
0.9999999944281484,0.8
0.9999999744628526,0.8
0.9999998485595398,0.8
0.9998144618148218,0.8
0.9999999423800504,0.8
0.9999622047835146,0.8
0.9999998410315528,0.8
0.9999999991672116,0.8
0.9999999657787731,0.8
0.9998451572901104,0.8
0.999992120729985,0.8
0.9999993775138591,0.8
0.9999582506861768,0.8
0.9999999741414172,0.8
0.99999990847801,0.8
0.9999816518302396,0.8
0.9999773586077936,0.8
0.9999997677971064,0.8
0.9999995912624228,0.8
0.9999642345828762,0.8
0.9999956822525744,0.8
0.9999996863917886,0.8
0.9999925551182968,0.8
0.9999999998317348,0.8
0.999999728375826,0.8
0.9999988186161772,0.8
0.999999864989192,0.8
0.9999968063896176,0.8
0.9999942789927444,0.8
0.9999999013675308,0.8
0.9999999996839832,0.8
0.9999660704452252,0.8
0.9999992348425052,0.8
0.9999999305175392,0.8
0.9999997277903958,0.8
0.9999980602672168,0.8
0.9999407474533656,0.8
0.9999827642241144,0.8
0.9999848820652912,0.8
0.9999920680220384,0.8
0.9999999999697656,0.9
0.999999999999996,0.9
0.9999999999584388,0.9
0.9999999998639594,0.9
0.9999999996117392,0.9
0.9999999999944704,0.9
0.999997413766323,0.8
0.9999999999994016,0.9
0.9999999949355428,0.9
1.0000000000000149,0.9
0.9999999999642688,0.9
0.9999999999999944,0.9
0.9999999999765132,0.9
0.9999999999998994,0.9
0.999991274781678,0.8
0.9999999999997402,0.9
0.9999999741840409,0.8
0.999999999999997,0.9
0.9999999999982356,0.9
0.9999999961796786,0.9
0.9999999943918548,0.9
0.9999817874140716,0.8
0.9999968000656736,0.8
0.9999455276883966,0.8
0.9998003509826958,0.8
0.9999998817663496,0.8
0.9999999999996138,0.9
1.000000000000012,0.9
0.999999999376858,0.9
0.9998790871250094,0.8
0.9999999999997652,0.9
1.000000000000001,0.9
0.9999999999999272,0.9
1.000000000000026,1.2
0.9999999985035588,0.9
0.9999999999989388,0.9
0.9999999980995437,0.9
0.9999999999747172,0.9
1.0000000000000124,1.0
0.9999820171378816,0.9
1.000000000000011,0.9
0.9999999999999984,1.0
1.000000000000015,1.0
0.9999999999992224,1.0
1.0000000000000115,0.9
1.000000000000019,1.0
1.0000000000000189,1.0
1.0000000000000149,1.0
0.999999999758008,0.9
1.0000000000000149,1.0
0.9999999999904388,1.0
0.9999999989977526,0.9
1.0000000000000144,0.9
0.999999999197276,0.9
1.000000000000015,1.0
1.000000000000004,1.0
1.0000000000000115,0.9
1.0000000000000124,1.0
0.9999999999310852,0.9
0.9999999390038992,0.9
0.9999999999997644,0.9
1.000000000000034,1.4
0.9999999943148944,0.9
0.999999999999842,0.9
1.000000000000014,1.0
1.0000000000000122,0.9
0.9999999999992896,0.9
0.9999999999987224,1.0
1.000000000000013,1.0
0.9999999999925304,0.9
0.9999999999999925,0.9
0.999999890959252,0.9
0.9999999999999204,0.9
0.9999999993486683,0.9
1.0000000000000084,0.9
1.0000000000000144,1.0
1.0000000000000149,1.0
0.999999999999826,1.0
1.000000000000019,1.0
1.0000000000000124,1.0
1.0000000000000144,1.0
1.0000000000000124,1.0
1.0000000000000373,1.5
1.0000000000000129,1.0
0.9999999999990048,1.0
1.000000000000015,1.0
0.9999999999999972,1.0
0.9999999999995364,1.1
0.9999999999980924,1.0
1.000000000000015,1.0
1.000000000000011,1.0
1.0000000000000122,1.0
1.0000000000000149,1.0
1.0000000000000184,1.0
1.0000000000000226,1.1
0.999999999999998,1.0
1.000000000000015,1.1
1.0000000000000149,1.1
1.000000000000015,1.0
1.0000000000000149,1.0
1.0000000000000149,1.0
1.0000000000000149,1.0
1.000000000000011,1.1
1.0000000000000164,1.1
1.000000000000015,1.0
1.000000000000019,1.1
1.0000000000000109,1.0
1.000000000000019,1.1
1.0000000000000104,1.0
1.0000000000000095,1.0
0.9999999998130542,1.0
1.0000000000000149,1.0
1.0000000000000124,1.0
1.0000000000000149,1.0
1.0000000000000144,1.0
0.999999999991526,1.0
1.0000000000000124,1.0
1.000000000000033,1.3
0.9999999989329544,1.0
1.0000000000000169,1.1
1.000000000000019,1.1
1.0000000000000195,1.1
0.9999999999999662,1.1
1.0000000000000115,1.1
0.9999999999922315,1.1
1.0000000000000215,1.1
0.9999999999995,1.1
1.0000000000000149,1.1
1.000000000000015,1.1
1.000000000000015,1.1
1.0000000000000129,1.1
0.9999999999979264,1.1
0.9999999999999732,1.1
1.0000000000000189,1.1
1.000000000000015,1.1
1.0000000000000209,1.1
1.000000000000019,1.1
0.9999999999998788,1.1
1.000000000000015,1.1
1.000000000000015,1.1
1.0000000000000149,1.1
1.000000000000015,1.1
1.000000000000021,1.1
1.0000000000000182,1.1
1.0000000000000129,1.1
1.0000000000000144,1.1
1.0000000000000109,1.1
1.0000000000000149,1.1
1.0000000000000155,1.1
0.9999999999998516,1.1
1.0000000000000149,1.1
1.000000000000011,1.1
1.0000000000000144,1.1
1.0000000000000155,1.1
0.9999999999996994,1.1
1.0000000000000189,1.1
1.0000000000000189,1.1
0.9999999999999865,1.1
1.0000000000000064,0.9
1.0000000000000195,1.1
0.9999999999999892,1.1
1.0000000000000189,1.1
1.0000000000000309,1.6
1.000000000000034,1.6
1.0000000000000235,1.6
1.0000000000000266,1.6
1.0000000000000304,1.6
1.00000000000003,1.6
1.0000000000000266,1.6
1.000000000000033,1.6
1.00000000000003,1.6
1.000000000000035,1.7
1.00000000000003,1.6
1.000000000000034,1.6
1.0000000000000373,1.8
1.0000000000000333,1.6
1.0000000000000353,1.9
1.00000000000003,1.6
1.0000000000000262,1.6
1.000000000000034,1.6
1.000000000000042,1.6
1.000000000000034,1.6
1.00000000000003,1.6
1.0000000000000373,1.6
1.00000000000003,1.6
1.0000000000000284,1.6
1.0000000000000242,1.6
1.000000000000034,1.6
1.0000000000000266,1.6
1.0000000000000373,1.6
1.0000000000000304,1.6
1.00000000000003,1.6
1.0000000000000344,1.6
1.000000000000038,2.0
1.000000000000031,1.6
1.0000000000000313,1.6
1.000000000000033,1.6
1.000000000000031,1.6
1.0000000000000295,1.6
1.0000000000000313,1.6
1.000000000000034,1.6
1.000000000000031,1.6
1.0000000000000309,1.6
1.000000000000033,1.6
1.0000000000000304,1.6
1.000000000000033,1.6
1.000000000000034,1.6
1.0000000000000266,1.6
1.000000000000034,1.6
1.000000000000035,1.6
1.000000000000031,1.6
1.0000000000000309,1.6
1.0000000000000313,1.6
1.000000000000034,1.6
1.000000000000034,1.6
1.000000000000033,1.6
