1.371308863633412534e+00,3.580902514781946877e+00,2.221805195373077968e+00,6.150436995876508384e+00,1.092741800557080367e+00,1.507368168102676265e+00,3.322319004696586475e+00,2.780421854363814393e+00
6.287280324539101350e+00,1.231097825432205806e+00,3.159510820709667822e+00,1.709545314112149716e+00,3.221669440605023471e+00,4.470348865754667500e+00,2.271082313699186894e+00,4.225716543136504022e+00
1.961953719935301876e+00,3.810256713945953333e+00,6.700142810932461224e+00,-2.388014885617278649e-01,5.013691989171745966e+00,1.292079831058195571e+00,3.551387340928886527e+00,2.363506945978288254e+00
3.375206242423036129e-01,3.196288205176459840e+00,3.080675113748329252e+00,6.948625559463911472e+00,2.259788925492908884e+00,6.390821315036848915e+00,3.182222008856301354e+00,6.142672917651281317e+00
2.757018339176371846e+00,2.327554107655752880e+00,6.527193016503633594e+00,5.037173935879636133e+00,6.234849143896862955e+00,2.261871035729686508e+00,2.267763328954031099e+00,3.071932945545867266e+00
2.551260558694870451e+00,2.698638328058172497e+00,2.325666891614901199e-01,8.664532535726169327e-01,-6.812918281470459192e-01,3.082997270626115061e+00,3.243534216347156995e+00,-5.121981542553106365e-02
3.968110128029233241e+00,-1.974330120161258140e-01,4.440323338757518279e+00,1.586991212180171917e+00,2.584536371934293975e-01,4.626437788362683712e+00,1.069813600566381639e+00,1.363810962548432260e+00
6.308445775442213410e+00,6.277259013087737927e+00,6.367405044167397499e+00,4.487440740015108176e+00,8.155912438197040482e-01,6.402635630164595248e+00,1.410655796421403041e+00,4.154986921855213566e+00
4.767202351940755811e+00,9.407126566559684613e-03,3.370249851119591966e+00,6.303507828401814450e+00,4.606511067721432262e+00,2.831586870759415397e+00,-6.009953336952327252e-01,6.823920071844982171e-01
6.295696196094277219e+00,5.345209023123896230e+00,3.365532038626913719e-02,4.673658431395833368e+00,-7.481881135579280251e-01,3.752071353947585397e+00,6.013917787244369428e+00,2.770439893752338012e+00
-1.198885133850028234e-01,-3.791146067847472878e-02,3.569130122724085030e+00,4.325539783475933930e+00,6.153819382689872164e+00,6.257479694598481856e+00,8.118179761424547891e+00,1.890230568637275121e+00
4.265295825492129822e+00,5.009537447140913535e+00,5.271151409071268112e+00,4.375612273039323874e+00,2.820096148245637036e+00,1.122712489097328105e-02,5.001310416655685209e+00,4.692170333857215603e+00
3.476315763737975129e+00,3.937229796426344297e+00,-7.714898803206042821e-01,3.208695119056168554e+00,6.940760846684824514e+00,3.909417362682081176e+00,5.720547275086954819e+00,7.397159659766879614e+00
-1.839382038919511464e+00,3.363493602869425114e+00,-5.866938626202157329e-03,5.838121410447122628e+00,6.259129780211559080e+00,6.269602474341227527e+00,5.149065508253464429e+00,1.090029610934055926e+00
2.755294565940296092e+00,2.797323050106459874e+00,5.866801389105029685e-01,1.370523465023915755e+00,4.419437431859416954e+00,7.454392084753219017e+00,-1.314002643325163922e+00,5.085298423525494549e+00
7.200653691751425001e+00,3.993631093109507812e+00,4.289187022358991186e+00,3.866816970738863102e+00,-3.049729921926614962e-01,3.288647579532765874e+00,4.902074318253749396e+00,2.789908610905230457e+00
-8.701377829986051138e-02,4.168939995954661804e+00,1.299003413479601798e+00,2.772132085556104020e+00,2.993560178652282300e+00,4.136769911791985166e+00,3.216491358029228920e+00,-9.133227991873033025e-02
3.829434445909686957e+00,3.213476974383591145e+00,4.765463639673159335e+00,6.256953343885684582e+00,3.044493381397279208e+00,3.543484548701238523e+00,5.130029365314448420e+00,7.249317708690584894e+00
3.005253506039592182e+00,5.113737891026133298e+00,4.729862126634976960e+00,1.846133323081045496e+00,2.796457657416248743e+00,7.668397040969970213e+00,1.890189545401855575e+00,1.589116502999933900e+00
6.277659369530374178e+00,3.436501072458993722e+00,3.886468195267159143e+00,1.413109192947155757e+00,2.185659712380968317e-02,2.045578196201589094e+00,3.083704120755953459e-01,1.584696217765457771e+00
3.319842322455988981e+00,3.126398584811733272e+00,8.264570026595430274e-01,3.728751574505679400e+00,2.904588385303030318e+00,2.842240303015883374e+00,9.465349825994768818e-01,4.338020408817038209e+00
3.258523022016722503e+00,-6.324616562407372466e-01,4.839038688930751952e+00,1.402404702988900853e+00,1.227253675328323412e+00,-2.403540591748711246e-03,4.954890205749101106e+00,1.256251229248872114e+00
4.870510102960734500e+00,2.153689556763406898e+00,1.416876854334393254e+00,1.520020254045888919e+00,-7.039726035901964218e-01,5.428456775233122755e+00,7.903411655189239049e+00,7.847321894332160319e+00
5.253417956776941011e+00,3.173309556842739187e+00,3.656531306541295656e+00,3.181222112248937695e+00,3.325220336656282250e+00,-5.812723935562373878e-01,-2.138375864394681525e-01,4.391630042215468599e+00
3.545836271967562237e+00,6.537619167471561354e+00,1.648900426660007357e+00,1.642793551297865973e+00,3.675184652753966663e+00,-3.079356888827637917e-01,2.143154367678425931e+00,4.174507004209144334e+00
5.833256638275370776e+00,4.035985202303391972e+00,6.074750285970243802e+00,3.538622927816478914e+00,-1.070967061748740790e+00,2.915272324016103589e+00,6.382839790609398989e+00,1.794480766793099535e+00
7.394713128033316707e+00,3.339762140000229529e+00,6.168249394137318653e+00,-2.190223278271309637e-01,3.076528039708408269e+00,1.860386513467380265e+00,7.257231828270781726e+00,1.787605644707781938e+00
3.535253612438539417e+00,3.015008086000885434e+00,-1.456497819093788282e+00,2.602762929603319453e+00,2.394577493958445213e+00,2.057290145865718678e+00,3.062176937426227319e+00,2.989833832785325995e+00
-1.920179527134900921e-01,4.910464139265255490e+00,3.183568770371224321e+00,2.499331103697342904e+00,-2.424676145948238271e-01,-1.082369117685930027e+00,4.060192257299098273e+00,2.268095928869149791e+00
2.901175442447982977e+00,3.191362061818618479e+00,4.074648345127487303e+00,1.081399223225259165e+00,4.060287926796191549e+00,3.138475259332699885e+00,1.845445588313359808e+00,1.436108301414290800e+00
3.311335230224181636e+00,2.296237789408603902e+00,3.241966268031079679e+00,4.849578985418573907e-01,3.536942489330142880e+00,4.088822381736187062e+00,7.750485156837292777e+00,4.905580074287726688e+00
1.270874366432426017e+00,6.033592953268641423e+00,1.100475643536942716e+00,6.837062057045475427e+00,2.824400584062750408e+00,-2.076564847975250205e-01,6.469207829174411728e+00,2.553475949032693593e-01
6.188286423039483175e+00,6.065657813656102348e+00,3.224204092412453981e+00,4.859602950846548808e+00,3.033265832881913759e+00,3.412650088510864155e+00,1.161837887627304555e+00,5.829342837214780637e+00
2.537082582474565074e-03,4.096911524154371875e+00,2.043976946591778088e+00,1.517528126154063628e+00,9.928210763677677853e-02,3.150054585446266486e+00,4.563545168448471578e+00,2.156753605105421912e+00
3.037330909665778567e+00,3.187440309393574811e+00,-9.453793039286231270e-01,5.285362348708902980e-01,3.150942490634200954e+00,3.138028247276671401e+00,4.791205421328398550e+00,1.935992477931511635e+00
3.206971467448465951e+00,3.526699189108525173e-02,1.640967455046934975e-01,2.613531830069465656e+00,9.302032109050996089e-01,3.252183859545155542e+00,2.381845850615991744e-01,9.662828947824454451e-01
1.145271924018822274e+00,-1.436672468125625102e+00,5.847246374105083966e+00,6.245807667452984546e+00,2.008696678133301550e+00,4.610239143728255939e+00,2.569457706072106884e+00,3.193661917139465789e+00
4.529193351324617645e+00,4.200011897609672751e+00,5.297584823912442786e+00,3.415013266422918470e+00,1.601703536709645936e+00,4.691226564964233958e+00,2.560589871931624462e+00,5.947124723383311995e+00
2.333818866384336221e+00,3.143285946722121693e+00,5.202736024406747622e-02,-1.170277793152668389e-01,4.596959052753774699e+00,-1.348302861281682308e+00,3.749721277069236969e+00,3.139605263555171444e+00
7.897613778379581895e-01,7.125725879752814684e+00,2.311500236921571361e+00,6.445475497898900841e+00,4.547978489066623276e+00,4.330786616231175223e+00,2.764458538766979334e+00,2.200330125621132282e+00
