3.474582041692836576e+00,4.103525992900039832e+00,5.382178789226578886e+00,2.239313532582324573e+00,4.056943609996258360e+00,4.513865771529990134e+00,5.552529530622012821e+00,5.508977896310463862e+00
1.067532516622202055e+00,7.158892346620397973e+00,1.949178597833279181e+00,6.249048927352556237e-01,3.283129372067851381e+00,2.712237258443265464e+00,2.225037863694081075e+00,1.417726164927699539e+00
3.746852887425698775e+00,3.011471426992887945e+00,5.196012550834830934e-01,7.884645620769509478e+00,3.469672276770001673e+00,1.337230797757213763e+00,1.082340536213445947e+00,1.645695006014666228e+00
1.012379589772725685e+00,4.924228819134138568e+00,2.120518651347798045e+00,1.506557703705453166e+00,5.198117654768482865e+00,3.257930273057750181e+00,2.000400275106645420e+00,4.763110496457946041e+00
6.959522426522058325e+00,3.288005507668742666e+00,7.601533211131080714e-01,1.769769020855820330e+00,2.230662516316979371e-02,3.372563980695213459e+00,-9.079509175298801082e-01,1.647264960288391311e+00
3.879633511414656954e+00,5.994986316346034627e+00,-1.189326486921614889e-05,3.679875396927843934e+00,2.914744157086697207e+00,3.243339262365395825e+00,1.240229537406485338e+00,6.877843003079444628e+00
3.457321842990071836e+00,3.305389520815703364e+00,2.836091532536441306e+00,5.437946825905762616e+00,4.624639320446748414e+00,1.671991589563574632e+00,7.338573439154887801e+00,1.457435414834626464e+00
1.840168310070484647e+00,2.166093627984773562e+00,3.227953919944158923e+00,3.214988733866490644e+00,-4.748936776352492006e-01,2.796223281010017825e+00,-5.885708495446565491e-01,5.855931790988197605e+00
1.176229626969871767e+00,3.042068684580594873e+00,1.281088054988804625e+00,3.980604429358243657e+00,4.187581046929576445e+00,1.761732877692821386e+00,1.810419108067241600e+00,3.126877398248698370e+00
1.392179338623414475e+00,1.907168047126996280e+00,4.885940562421095201e+00,1.543702339621435105e+00,2.607328425198883526e+00,3.036739152205939263e+00,5.612649211414983519e+00,1.032003309668008129e+00
1.471014607393646534e+00,2.834614503958883813e-01,8.018768789013723364e+00,2.439375488897136179e+00,2.861078653777823000e+00,6.335602273313416966e+00,1.872505141294339426e+00,4.684344229059311360e+00
2.015812475067265463e+00,3.610067053820368077e+00,2.380991488072338402e+00,1.516000522898324654e+00,3.129732441035628643e+00,5.211568256728153159e+00,4.430650434793268033e+00,1.816629495482829926e+00
1.274577514870727457e+00,7.794002402747497449e+00,-2.156885997535128663e+00,-5.716167521228587844e-01,1.776755426784170755e+00,3.142283768659725141e+00,3.626570870531953705e+00,3.373276965623193568e+00
7.224069227984710739e-01,6.467541277744942363e+00,2.916292381127428612e+00,6.369412643633737936e+00,-2.155569824154730252e-01,6.092363429398764296e+00,2.418136340433146181e+00,2.381818854232181426e+00
3.175721967174947036e+00,-1.123317665841931240e-01,1.346292970305137171e+00,1.563146575708402874e+00,3.120852319722323021e+00,2.980167108486501681e-01,4.737728505571936033e+00,3.967429028650394152e+00
3.735013571435130242e+00,4.420833524048856766e+00,4.494702530894287840e+00,7.269440356722554952e+00,3.545261151647667752e+00,4.130520163575571502e+00,1.548831666615308134e+00,7.602675911777454054e+00
-2.853763859913869758e-02,6.470429001294629501e+00,7.901062948815734011e+00,4.451945788002850790e+00,6.536697397612558191e+00,-4.195242756159490993e-02,4.395304942200923826e+00,7.466673661826586539e+00
4.515658199105317294e+00,3.960685991751256019e+00,5.603876989153853572e+00,5.240944843827967325e+00,4.090106490702597242e+00,6.236708548595507828e+00,3.292112238538882796e+00,3.255322723043397648e+00
4.502197245228297007e+00,-4.669168453047627954e-01,6.971915734718183266e+00,3.286916657141111031e+00,4.436255391314704255e+00,4.205503353215281237e+00,3.291268291954670300e+00,-2.064609977493175597e-01
2.814939368126343489e+00,2.285308963571024421e+00,6.391072736227531692e+00,3.222611227934341738e+00,1.232597419374091841e+00,6.183998269861145758e+00,2.146210382652175230e+00,5.003767587573386244e+00
5.058726102983725603e+00,2.943145017156513887e+00,-1.454511786270798357e+00,4.491021688409881030e+00,2.110117388770119951e-01,3.707580980240250845e+00,1.489633883986562601e+00,1.902414779081228691e+00
2.831995770677275814e+00,6.134704795467304628e+00,-1.494452615697316133e+00,1.539523117573811550e+00,2.680697920541210255e+00,6.304706145075968493e+00,1.515673204925080286e+00,4.869021932106638140e+00
-2.282662801275396613e-01,6.353119109537574971e+00,3.310968336415039293e+00,-1.850653809487698087e+00,5.532024994235022142e+00,6.295778758922712548e+00,1.936067917802021032e+00,1.669651493243655693e+00
3.658556999869773119e+00,6.076091005672051182e+00,1.284438812808531283e-01,-1.284810010976789263e+00,3.195257087683594510e-01,6.460045490047743755e+00,4.545260013401394517e+00,4.980713615097655200e+00
3.115592533474351722e+00,3.770165577686044767e+00,3.328138701146386769e+00,1.925915328028130258e+00,7.560573145268748574e-01,2.337620539754028837e+00,7.320189939589052841e+00,4.735943911576777410e+00
4.022130297038888358e+00,3.038056481011736309e+00,1.990026975662964936e+00,3.048208573028731383e+00,-2.789875462008735776e-03,4.944634401548793079e-01,3.386526100779346571e+00,-7.103399534753005451e-01
3.568216863392349669e+00,-4.707956876694516235e-02,6.116704447427199653e+00,6.364491328897576849e+00,6.049160104184348796e+00,3.129923374392414637e+00,1.194853496399661985e+00,6.418141523021423822e+00
7.699720972652409623e-01,3.173129188964184610e+00,7.267096633891896751e+00,1.679549294611774712e+00,4.019175365670990097e+00,2.987711340000986038e+00,5.274231500130389882e+00,8.497778173838640425e-01
6.155438671976867226e+00,5.177798761769054181e+00,6.233307205098544301e+00,7.034723091492552705e+00,3.008465478139922045e+00,3.198870073530990510e+00,-4.716111735553633888e-02,3.106093389533562288e+00
5.025448479832639315e-01,1.296065651934028562e+00,4.403446449224461823e+00,1.449792135400483239e+00,2.765947965619812710e-01,9.840603978880428926e-01,4.116776093353329280e+00,1.343611843541106410e+00
2.590480376400165152e+00,1.593344794344169868e+00,1.574810251166761210e+00,1.680039339996161507e+00,2.479346380235364578e+00,-1.953593943690062673e+00,1.295188333643146894e+00,1.684919274651694998e+00
6.307331473114373921e+00,6.124150224414935728e+00,3.255621008358974500e+00,3.879144736798720294e-01,3.009594827891372226e+00,2.919703986336861234e+00,5.195106001365337178e+00,2.069306005564444106e+00
2.057990246333980977e+00,2.083684106116974633e+00,7.845419553137984003e+00,1.173387790386916540e+00,2.375056910732509241e+00,4.263482799576767235e+00,1.840234132640614639e+00,5.102596694104873265e+00
5.445170464078593398e+00,2.411847133795153919e+00,4.571206008597171078e+00,3.324563304716138479e+00,4.524836437992930671e-01,3.267853120419355051e+00,5.108966219564312183e+00,3.024392957169394602e+00
4.447298897747955948e+00,-1.550365070841333015e+00,3.144578651748653808e+00,3.099200712811911451e+00,1.834496830731885630e+00,6.904286895523961576e+00,-2.782279154296954382e-02,2.956695776084250049e+00
3.096645543291369318e+00,2.122638769002671566e+00,3.918404531243321554e+00,-5.353675717566552805e-01,1.132143387594022998e+00,1.495547507283342126e-01,6.253518162524692059e+00,3.005119161068482203e+00
3.087405446717841784e+00,3.318071073000465887e+00,4.446948933560581629e+00,4.247202563299083522e+00,4.908439416220498508e+00,1.141745764574758626e+00,4.331522530643431956e+00,4.287820960181921492e+00
3.887686652722806890e+00,8.004871928659536451e+00,9.536819092389187125e-01,4.364425658922746365e+00,2.080397883839799178e+00,3.095594124357069710e+00,7.308548720784918906e+00,1.632310015078019427e+00
2.819417898622768703e+00,1.508607403052087514e+00,1.899806520404043075e+00,2.084983663753779748e+00,1.329121341776118070e+00,7.500845887215838559e+00,1.653059999327928908e+00,2.028882271082639743e+00
5.747892292144966220e+00,1.712478073060031081e+00,2.384215481783728663e+00,7.408056134121241421e-01,5.169042085661227581e+00,4.583481457123601999e+00,2.593630461766461615e+00,4.270156328447000327e+00
