-1.704964010616157433e+00,6.875921475644834580e+00,3.141592653592173878e+00,3.141592653581510408e+00,1.673043186954781270e+00,2.110479028346476937e+00,3.141592653587022443e+00,3.141592653648539901e+00
8.336210354450917848e+00,3.072408585656832170e+00,3.141592653592279127e+00,3.141592653602121032e+00,4.967370237326181659e+00,2.590557889857137752e+00,3.141592653635712384e+00,3.141592689279317341e+00
6.418139000156647178e+00,-3.391477840428462343e-01,3.141592653588303197e+00,3.141592653609797559e+00,5.182873631315393581e+00,5.566391063109001891e+00,3.141592572485147450e+00,-3.141514455607303802e+00
-2.863628399459658969e+00,-1.219728552320961557e+00,3.141596111590744034e+00,3.141592703685085475e+00,3.006304025822960302e+00,7.656796196102055418e+00,3.141609678798856109e+00,3.141715132184168091e+00
-2.018990303619973226e+00,2.515117466099643304e-02,3.484880604203319354e+00,3.143150861818995168e+00,6.065723837526587836e+00,7.531809187824796935e-03,2.862704406755141928e+00,2.834082906681466341e+00
6.419512600143919556e+00,6.295292939743112548e+00,1.405447209407473919e+00,5.123505768340029576e+00,6.325056498749181522e+00,1.530649348397075948e-01,4.819918264980686651e+00,1.478691282260758966e+00
-2.471245373596185624e-02,-1.328530102925824297e+00,4.629375465318084082e+00,4.856489064055306670e+00,6.328718514267607453e+00,3.752798577475119135e+00,1.607559584631416127e+00,4.821563085793139969e+00
6.251395860673141236e+00,1.865212002114462475e+00,4.904305107779025619e+00,1.813572180542824208e+00,3.847674252752767976e-01,7.751033853360356218e-01,1.201663471910870307e+00,4.599922792560445117e+00
4.336555146184113418e+00,6.260337469860450810e+00,2.619107345282178478e+00,-1.445929511868571549e+00,3.508383641828089594e+00,-6.805912686791730781e-01,3.785610921628053127e+00,7.839342374355372733e+00
2.398639246903479183e+00,1.748773343988473616e+00,6.030703431711024187e+00,1.406507454765025811e+00,3.521954020577979794e+00,-1.592722044582118412e+00,-7.175546562415613394e-01,4.879755161426524879e+00
5.042303528276131708e+00,6.124859296065237935e+00,4.197200354898416030e+00,4.552547834804069105e+00,6.903533335463643894e+00,7.246277902251373249e+00,1.922030984975401369e+00,1.724474180519508737e+00
7.117567765823606951e-01,3.089825529875380727e+00,-1.124697605098768483e+00,4.796273178512633351e+00,6.087329649267852361e+00,3.139280715721588511e+00,1.289167582645726506e+00,4.759562099567693494e+00
1.932665886990992288e+00,5.196605403229157538e+00,3.822153625352513906e+00,4.832077289331906833e+00,3.242939212081376699e+00,7.373747810493601840e+00,-2.073584329413933336e+00,4.827219868185935070e+00
2.901941088287608661e+00,2.675482468498890931e+00,5.348903510687601504e+00,4.412149861408529716e+00,2.784839527538486514e+00,3.118297324103564527e+00,1.196912471041451820e+00,-1.814334730990552425e+00
2.064805200878067293e+00,4.191141414786289765e+00,1.881539626100916962e+00,1.352620119707484081e+00,2.181310256863905561e+00,8.635527663775400598e+00,1.756615062846749620e+00,7.652921421556969861e+00
7.157115986108254502e-01,3.728719560420989954e+00,1.288939328879671997e+00,4.638014672069589395e+00,9.336829332853718855e-01,3.112458256329456940e+00,4.911942370255431456e+00,4.584957786347341191e+00
1.515153258314930973e+00,2.654551859566828487e+00,4.620347593675854014e+00,2.012402134492389472e+00,-1.266607723269530306e+00,2.994469783019375164e+00,7.890929959077499056e+00,1.804901915281579949e+00
1.144997147406485505e+00,4.832283027734699310e+00,4.893350073236978126e+00,-8.205937353500627474e-01,9.417768752939483790e-01,-1.573828665990609998e+00,1.419684602980148425e+00,5.246270963357185124e+00
5.965069479944122399e+00,6.588241033347909337e+00,1.510262705178573972e+00,4.726632096798295102e+00,6.258929977542866396e+00,-2.853616718350901471e-01,4.775933616098149592e+00,4.556321193200300712e+00
-5.373980272755831678e-01,-3.100915107314156760e+00,4.935913233518487431e+00,3.057260405663269065e+00,6.282033627784448626e+00,2.514401889442199778e+00,1.243149475733642761e+00,4.143697933090118468e+00
-4.323841269962707123e-01,1.645552025218016245e+00,4.489212123615545558e+00,7.133204832990112543e+00,6.247790584902138455e+00,3.146683183910732762e+00,4.293425589390954755e+00,-1.355390821301867277e+00
6.283380999841948977e+00,1.860555871102717964e-04,2.512651092948208209e+00,2.090783406610838391e+00,3.141499143067351341e+00,3.139426450763071585e+00,3.926344792276978080e+00,4.284647264915098397e+00
6.283184913134745031e+00,-3.766071790889883214e-08,3.141644846485468268e+00,-2.803767216439506438e+00,3.141570690438464819e+00,3.140364963431903966e+00,6.283179248951328510e+00,6.283185359868021180e+00
6.283185307082760573e+00,6.283185307161397226e+00,3.141598538725386192e+00,3.141595196920610178e+00,3.141582053669464969e+00,3.119965264563814511e+00,6.828853140527858666e-08,9.272657997429070003e-07
-1.884842470837420032e-08,6.283185283057335369e+00,3.141594071973680347e+00,3.195332333543186909e+00,3.141594497991139434e+00,3.028890305865806098e+00,-4.231249332265235206e-05,6.283354932098025536e+00
6.283097467187822360e+00,6.283186431763312818e+00,2.747317355970897879e+00,-1.770363924212347895e+00,-3.130374419564601940e+00,9.132799394428271711e+00,4.123628399017456481e+00,-1.449542414263479184e+00
7.074674512833559525e+00,5.549620626107424570e+00,1.797600062541023336e+00,3.708155165260177188e+00,6.092178906905623137e+00,3.708833858907253145e+00,2.115481556121663331e+00,3.110095105065640020e+00
-7.559983188415634325e-01,3.739418247142273888e+00,5.261787770806173548e+00,-7.836946732155370965e-01,6.285047244302333525e+00,8.284588023128819145e+00,7.318863786193229970e+00,7.406378676617715762e+00
6.313036309663876189e+00,8.415633805698726988e+00,1.714976336179926841e+00,2.411665918221095772e+00,-6.149282671617657403e-01,9.830362441879667568e-01,4.594506477831512115e+00,1.906271753183639284e+00
4.734029709782606510e+00,6.457985439508770575e+00,7.655616391201274240e+00,7.776527739802809869e+00,7.696586194846184448e+00,6.283067333439455560e+00,1.454346113350113656e+00,7.896937847834028190e+00
5.075250645348853951e+00,6.046631642380037697e+00,4.703133789826809519e+00,7.649304506877585119e+00,1.523518991340033768e-01,6.261676832856927888e+00,1.557616390479752422e+00,4.868990233480501750e+00
8.977871967082377003e-01,5.015081341875156973e+00,1.437168555501590284e+00,5.002388709100803688e+00,6.285545496923417019e+00,3.140175592429019780e+00,1.461754858712619454e+00,1.196985928835271329e+00
7.494933938868658885e+00,1.937376313140292350e+00,7.899521496478003613e+00,-1.778076768294530208e+00,6.282476978288866754e+00,3.141609324879534260e+00,1.663828691877045518e+00,4.284077242646499251e+00
8.982050082778920697e-01,2.993673624274889811e+00,5.267143208962417944e+00,-8.151124507502685024e-01,6.283190267171720578e+00,3.141612302216903796e+00,1.240225131583942542e+00,-7.855757764798304565e-01
5.799910636760349236e-01,3.141629743603925107e+00,2.338160029308441690e+00,3.143871053200776533e+00,-2.262499352875791368e-04,3.710008956646462686e+00,1.926860117571032038e+00,2.345538699193742360e+00
3.392767738642126218e+00,6.782760448363163164e-01,-1.395764617309909639e+00,7.874759966120096877e+00,-6.950764103858953077e-05,1.272748908650349842e+00,1.337337204900026943e+00,1.128336044884687084e+00
9.253495706741233784e-01,6.234407276155702782e+00,3.111488011309759827e+00,3.141629309992186148e+00,2.897643651176074811e-07,3.141593020780886647e+00,4.073386665972154042e+00,2.888959947521539728e+00
7.228009570735473233e+00,3.200505985867236891e+00,-2.475901635202959916e+00,1.759979202074656968e+00,3.089499754101668073e-06,3.141592692684841204e+00,3.141593147081968240e+00,3.141592641092026295e+00
5.973420576151974082e+00,3.141603499136153665e+00,-1.516268426289300310e-07,1.137972080679759524e-08,4.509731283444727568e-02,3.138803176913784743e+00,3.141592653619819320e+00,3.141592653569285520e+00
7.204096933626184196e+00,4.157813355709740755e+00,8.731731553354648422e-12,6.283185307178119849e+00,-2.325018022123287675e+00,6.283574742876429475e+00,3.141592653582080175e+00,3.141592653571549043e+00
